{
  "mode": "racd",
  "num_images": 16,
  "mean_time_sec_per_image": 0.6829965114593506,
  "tau": 0.5,
  "mean_refinement_fraction": 0.149658203125
}